<?xml version="1.0" encoding="UTF-8"?><rss version="2.0"
	xmlns:content="http://purl.org/rss/1.0/modules/content/"
	xmlns:dc="http://purl.org/dc/elements/1.1/"
	xmlns:atom="http://www.w3.org/2005/Atom"
	xmlns:sy="http://purl.org/rss/1.0/modules/syndication/"
	
	>
<channel>
	<title>
	Comments on: 世界，您好！	</title>
	<atom:link href="http://47.113.145.233/hello-world/feed/?simply_static_page=410" rel="self" type="application/rss+xml" />
	<link>http47.113.145.233:32/hello-world/</link>
	<description></description>
	<lastBuildDate>Tue, 18 Jul 2023 13:34:59 +0000</lastBuildDate>
	<sy:updatePeriod>
	hourly	</sy:updatePeriod>
	<sy:updateFrequency>
	1	</sy:updateFrequency>
	<generator>https://wordpress.org/?v=6.2.2</generator>
	<item>
		<title>
		By: 一位WordPress评论者		</title>
		<link>http47.113.145.233:32/hello-world/#comment-1</link>

		<dc:creator><![CDATA[一位WordPress评论者]]></dc:creator>
		<pubDate>Tue, 18 Jul 2023 13:34:59 +0000</pubDate>
		<guid isPermaLink="false">http47.113.145.233:32/?p=1#comment-1</guid>

					<description><![CDATA[您好，这是一条评论。若需要审核、编辑或删除评论，请访问仪表盘的评论界面。评论者头像来自 &lt;a href=&quot;https://cn.gravatar.com/&quot;&gt;Gravatar&lt;/a&gt;。]]></description>
			<content:encoded><![CDATA[<p>您好，这是一条评论。若需要审核、编辑或删除评论，请访问仪表盘的评论界面。评论者头像来自 <a href="https://cn.gravatar.com/">Gravatar</a>。</p>
]]></content:encoded>
		
			</item>
	</channel>
</rss>
